open_time,open,high,low,close,volume,close_time,quote_asset_volume,number_of_trades,taker_buy_base_asset_volume,taker_buy_quote_asset_volume,ignore,rsi_14,macd,macd_signal,macd_hist,bb_upper,bb_middle,bb_lower,atr_14,volume_ma_20,roc_12,close_ma_5,close_std_5
2021-01-25,3.8219,3.8219,1.5846,1.5846,1242,2021-01-31 23:59:59.999,3034.0552,4,0,0.0000,0,47.6518757637103,-0.02245318289136744,-0.06538087114801597,0.04292768825664853,3.201497188362156,2.07062,0.9397428116378441,7.498821428571429,102471448.55,-26.699972245351095,1.9827399999999997,0.8902681045617664
2021-02-01,5.13,6.77,5.13,6.2931,169,2021-02-07 23:59:59.999,1062.5513,4,123,794.9900,0,73.54468653627862,0.26535567949669314,0.0013822198071355776,0.26397345968955754,4.426928209881995,2.24181,0.05669179011800507,7.831614285714287,99287936.15,208.24353448275863,2.9244399999999997,2.071050615750373
2021-02-08,7.3534,9.5266,1.5846,9.5266,9021,2021-02-14 23:59:59.999,77234.9622,17,7188,67321.5840,0,79.15136162127929,0.7019097127999578,0.14252919928860877,0.5593805135113491,6.486706399530099,2.5662149999999997,-1.3542763995300993,8.327014285714286,95536207.55,353.97188467953305,4.51284,3.40350096415441
2021-02-15,9.5266,9.5266,9.5266,9.5266,0,2021-02-21 23:59:59.999,0.0000,0,0,0.0000,0,79.91176329544909,1.0321567598884949,0.3215112348658934,0.7106455250226015,7.92390034115081,2.91987,-2.084160341150811,8.291478571428572,95523441.55,352.0761163574242,6.10124,3.545539532003556
2021-02-22,13.84,13.84,12.4038,12.4038,2,2021-02-28 23:59:59.999,26.2438,2,0,0.0000,0,83.60694229753263,1.4742681575415855,0.5531565333947186,0.9211116241468669,9.966854185632016,3.41892,-3.129014185632017,8.548100000000002,90451077.9,570.0772513640538,7.86694,4.124221426887745
2021-03-01,13.2,14.2269,8.875,14.2269,798,2021-03-07 23:59:59.999,10332.4300,6,704,9498.1800,0,85.34152941725377,1.9274507222809332,0.829057696295375,1.0983930259855583,12.121592762933307,4.019585,-4.082422762933306,8.877635714285715,87599041.0,776.0406403940885,10.395399999999999,3.043540495048487
2021-03-08,14.7697,14.7697,13.57,14.7697,678,2021-03-14 23:59:59.999,10006.6584,6,672,9925.2384,0,87.05214248838409,2.29575573191236,1.123286555580937,1.1724691763314228,14.004841366599548,4.665965,-4.672911366599548,8.934071428571428,85537963.45,832.0774958980185,12.090720000000001,2.499381957004568
2021-03-15,14.6,14.695,8.875,8.875,625,2021-03-21 23:59:59.999,7617.2646,12,0,0.0000,0,65.69439754811563,2.138062347318791,1.326733618743672,0.8113287285751192,14.432422908026908,5.029445,-4.373532908026909,9.327107142857143,83671822.95,460.07825318692414,11.9604,2.677165847496189
2021-03-22,16.2135,16.2135,8.875,8.875,586,2021-03-28 23:59:59.999,7308.5350,16,10,162.1350,0,65.80663625483496,1.9901840291542374,1.4596808581864391,0.5305031709677983,14.816226036369455,5.365105,-4.086016036369456,9.848450000000001,79109824.15,460.07825318692414,11.830079999999999,2.836382471917352
2021-03-29,19.25,20.4,19.25,20.4,4,2021-04-04 23:59:59.999,79.3000,3,0,0.0000,0,77.20073324042536,2.682457636094501,1.704615231352476,0.9778424047420249,17.730280351646066,6.283025,-5.164230351646063,10.671664285714288,58448946.9,1187.3911397198028,13.42932,4.809022597888263
2021-04-05,26.0,26.3397,8.875,8.875,2444,2021-04-11 23:59:59.999,43537.2160,11,0,0.0000,0,57.905237773035616,2.3546947360448804,1.8347922836762245,0.519902452368656,17.948115691745006,6.62185,-4.704415691745005,11.919142857142859,48008657.9,460.07825318692414,12.35894,5.169234069763139
2021-04-12,28.0,29.2995,8.875,8.875,1549,2021-04-18 23:59:59.999,36177.3730,20,0,0.0000,0,57.905237773035616,2.0714205095019915,1.8821648443530785,0.189255665148913,18.121783977821842,6.960235,-4.201313977821841,13.378035714285716,47301279.95,148.2309176852292,11.18,5.154136688137014
2021-04-19,8.875,8.875,8.875,8.875,0,2021-04-25 23:59:59.999,0.0000,0,0,0.0000,0,57.905237773035616,1.826123249683115,1.8709476382327912,-0.044824388549676186,18.235590957996294,7.31143,-3.612730957996293,13.378035714285716,9058874.6,460.07825318692414,11.18,5.154136688137014
2021-04-26,45.0,47.0,1.5846,1.5846,2187,2021-05-02 23:59:59.999,63229.8218,16,0,0.0000,0,48.06393196773447,1.0734363523078718,1.7113442203635774,-0.6379078680557055,18.237952786222912,7.30946,-3.619032786222915,9.592321428571427,3139.15,-74.82004099728273,9.72192,6.75257709559839
2021-05-03,45.7901,46.591,1.5846,1.5846,790,2021-05-09 23:59:59.999,29061.8717,8,357,16351.8711,0,50.0,0.4725647178705401,1.4634626289657215,-0.9908979110951814,18.237952786222912,7.30946,-3.619032786222915,12.647257142857143,1187.05,-83.36657359393698,5.95884,3.9931165332356646
2021-05-10,41.165,45.56,1.5846,42.28,1754,2021-05-16 23:59:59.999,71509.4102,37,217,9498.0190,0,71.06786203957283,3.0430313463637386,1.7795045742890645,1.2635267720746741,28.12081480836396,9.34423,-9.43235480836396,15.417971428571429,1274.75,343.80996368064154,12.639840000000001,16.965581246983554
2021-05-17,48.504,54.199,23.41,25.961,3967,2021-05-23 23:59:59.999,169435.3330,47,147,7508.9230,0,58.34296180626768,3.791472103569822,2.1820287066944766,1.6094433968753452,30.355953538017438,10.56305,-9.229853538017437,17.0499,1473.1,109.29876328221995,16.05704,17.721574369338637
2021-05-24,32.4,32.4,25.746,29.069,460,2021-05-30 23:59:59.999,12867.2070,7,232,6744.0080,0,59.61726603976748,4.568164632648054,2.659379819319317,1.908784813328737,32.88805646202245,11.93727,-9.01351646202245,17.525185714285715,1496.1,104.32420274269165,20.095840000000003,17.974889914767214
2021-05-31,30.963,32.963,23.0,23.0,1927,2021-06-06 23:59:59.999,59052.3980,26,246,7874.2980,0,55.05580557368664,4.663149242757289,3.0602169546228484,1.6029322881344403,33.919978945104766,13.00804,-7.903898945104769,17.92872857142857,1592.45,55.72421917845318,24.37892,14.717599475865622
2021-06-07,42.5,43.637,31.252,40.7,5024,2021-06-13 23:59:59.999,202818.0530,54,4200,170659.1830,0,60.96927718980718,6.031337437029736,3.6545397999247897,2.376797637104946,38.64473824119422,14.864275000000001,-8.916188241194218,19.020521428571424,1661.35,358.59154929577466,32.202,8.76391268213006
2021-06-14,37.55,41.755,23.0,23.0,5321,2021-06-20 23:59:59.999,200052.8410,50,1627,62673.6820,0,52.985746572683766,5.680879601576269,4.059861636768368,1.6210179648079004,39.11890434517238,15.935044999999999,-7.248814345172384,20.274471428571427,1865.3,159.1549295774648,28.346000000000004,7.34832807514744
2021-06-21,34.4,34.4,22.519,22.519,6720,2021-06-27 23:59:59.999,198837.1080,59,4083,123995.8950,0,55.152069890524174,5.30450879513733,4.308817541974874,0.9956912531624562,39.64336902202311,16.74634,-6.1506890220231085,20.702064285714282,2192.85,10.387254901960784,27.657600000000002,7.776373402814456
2021-06-28,31.492,40.0,31.492,33.36,10132,2021-07-04 23:59:59.999,337727.4410,89,2716,92499.3000,0,58.54602111776442,5.782352252084909,4.603549557023803,1.1788026950611057,41.7167652718277,17.93801,-5.8407452718277035,21.42652857142857,2248.4,275.88732394366195,28.515800000000002,8.19650402305764
2021-07-05,34.7,38.0,29.2,29.2,3428,2021-07-11 23:59:59.999,117743.9640,51,1012,35968.0000,0,53.237941611082,5.769553262981717,4.836766170115608,0.9327870928661088,42.86247178223688,18.921680000000002,-5.01911178223688,21.231885714285713,2419.8,229.01408450704227,29.7558,7.600769579457076
2021-07-12,30.46,31.255,26.4,27.359,825,2021-07-18 23:59:59.999,24133.9350,71,121,3655.2500,0,57.32301782499556,5.551173252308864,4.979655366182073,0.5715178861267907,43.6871522656023,19.66944,-4.348272265602297,20.33119285714286,2460.95,208.2704225352113,27.0876,4.512745095836907
2021-07-19,26.743,32.0,25.96,27.8,4725,2021-07-25 23:59:59.999,133633.0220,30,1810,53711.8540,0,57.471625588847004,5.35076851833978,5.053881229605934,0.2968872887338465,44.48504286805402,20.348095,-3.7888528680540254,19.303728571428568,2657.3,1654.3859649122808,28.0476,3.893921968915154
2021-07-26,27.8,38.707,27.8,35.422,1622,2021-08-01 23:59:59.999,49834.2990,116,619,21149.9220,0,59.88584008973112,5.724283721646689,5.187966400200373,0.5363173214463162,46.26821033011922,21.38071,-3.506790330119216,20.0828,2704.5,2135.3906348605324,30.6282,3.5766390927797125
2021-08-02,35.422,40.003,33.175,37.734,8990,2021-08-08 23:59:59.999,335167.4240,81,3096,117065.0630,0,63.98003239244671,6.131137573250385,5.376605893311963,0.7545316799384221,48.002960865709014,22.82366,-2.355640865709013,17.326557142857144,3122.75,-10.752128666035949,31.503000000000004,4.753227219479425
2021-08-09,36.822,51.352,36.822,51.352,826,2021-08-15 23:59:59.999,37721.9380,57,392,18993.6800,0,67.412464295061,7.4409355352043605,5.789481029113644,1.6514545060907162,52.249227521905,24.94751,-2.354207521905,15.149671428571429,3134.75,97.80439890605138,35.93339999999999,9.758450788931617
2021-08-16,51.0,79.0,51.0,79.0,4193,2021-08-22 23:59:59.999,301428.0310,213,2707,203586.1050,0,64.13830278761743,10.540117023523461,6.739625179133681,3.8004918443897795,64.20892827622043,27.87751,-8.453908276220432,14.008571428571429,3344.2,171.76717465341085,46.2616,20.178965355042365
2021-08-23,77.42,95.4,62.63,92.988,4367,2021-08-29 23:59:59.999,349075.6010,353,1575,117555.0520,0,76.27912082741965,13.940732264557823,8.179867152038838,5.760865112518985,77.49217247111287,32.08316,-13.325852471112867,14.150071428571428,3440.35,304.295652173913,59.2992,25.599771897421277
2021-08-30,94.0,152.6,94.0,144.407,8429,2021-09-05 23:59:59.999,1045660.0300,487,4040,524150.9760,0,82.79629208371247,20.471564034867093,10.638234598198613,9.83332943666848,105.27785781134563,38.85976,-27.558337811345616,17.932785714285714,3784.35,254.80835380835381,81.0962,41.59045617927267
2021-09-06,144.407,208.051,142.3,177.67,7155,2021-09-12 23:59:59.999,1306502.9740,392,975,173204.3460,0,88.08967956105873,27.96142914339638,14.102905154873737,13.858523988522643,136.62279858880856,47.29951,-42.02377858880857,21.917642857142855,4142.1,672.4782608695651,109.08340000000001,51.10984694557399
2021-09-13,173.0,173.0,125.0,159.028,9471,2021-09-19 23:59:59.999,1494263.0720,1028,2742,428630.7660,0,79.00537318115857,32.04490027410121,17.691330401166095,14.353569872935115,154.69958481141404,55.171679999999995,-44.35622481141405,24.205714285714286,4506.3,606.19476886185,130.61860000000001,42.69540416485126
2021-09-20,144.04,155.0,118.0,137.825,4331,2021-09-26 23:59:59.999,592842.1050,163,2181,304431.4610,0,77.67147518544046,33.210643179630495,20.795211102165883,12.415432077464612,164.66818563818657,61.9837,-40.70078563818659,25.796642857142853,4683.35,313.14448441247,142.3836,31.57121456802063
2021-09-27,137.825,174.0,126.0,170.91,3862,2021-10-03 23:59:59.999,555237.3850,164,978,147942.9170,0,80.90410399736759,36.34819092655751,23.90582161476375,12.442369311793758,181.4907790556871,68.4152,-44.660379055687116,28.376571428571424,4788.75,485.3082191780822,157.968,16.92947827016526
2021-10-04,170.91,171.0,150.935,151.978,2538,2021-10-10 23:59:59.999,405050.0390,529,798,127638.9210,0,73.89815210296003,36.899468062343175,26.504560627316614,10.39490743502656,191.803762943354,74.71605000000001,-42.37166294335397,28.56114285714285,4717.3,455.49544939508024,159.4822,15.707834898546576
2021-10-11,151.978,164.874,140.762,158.904,2153,2021-10-17 23:59:59.999,338277.6460,88,227,33502.7710,0,75.84362795887463,37.45613506110874,28.694882070047395,8.761252991061344,201.9784664203732,81.2078,-39.56286642037317,29.654857142857136,4801.95,471.5971223021582,155.72899999999998,12.104234837444215
2021-10-18,158.904,218.0,144.312,194.98,3825,2021-10-24 23:59:59.999,691521.3700,523,940,181044.5630,0,79.3891470149908,40.31167738035856,31.018246695462633,9.293430684895927,217.42340538973758,89.8068,-37.80980538973759,34.5715,4896.85,450.4488735813901,162.9194,21.548192170110177
2021-10-25,202.281,218.239,184.02,197.0,3315,2021-10-31 23:59:59.999,657929.1800,483,623,127317.9280,0,79.50263989342781,42.24802304801685,33.264206268377265,8.983816779639582,231.56280050961166,97.62180000000001,-36.31920050961165,36.58428571428571,4811.4,422.0755817035034,174.75439999999998,20.547022918174704
2021-11-01,209.408,280.84,183.191,248.725,35341,2021-11-07 23:59:59.999,8403021.6360,1282,17158,4325844.3550,0,82.2349232447855,47.37108175051242,36.085585688555675,11.285496061956742,253.954021236672,108.90805,-36.137921236671986,42.78014285714285,6312.4,384.35309238199096,190.3174,38.51803477333695
2021-11-08,250.023,263.0,224.0,237.58,2496,2021-11-14 23:59:59.999,600369.6020,530,1074,260787.1460,0,79.41593806117343,49.96230505574357,38.86093296455912,11.101372091184452,269.54732104979985,119.66109999999999,-30.22512104979988,45.07814285714285,6101.2,200.73417721518987,207.43779999999998,36.16925246946628
2021-11-15,239.409,245.589,196.112,234.444,1387,2021-11-21 23:59:59.999,304770.2100,252,474,103599.8970,0,77.80795120410197,51.17395280738708,41.32353934844202,9.850413458945063,282.1816358917392,129.7153,-22.75103589173915,47.57435714285713,5663.95,152.12285456187894,222.5458,24.826427817952183
2021-11-22,228.864,234.445,180.0,180.1,1038,2021-11-28 23:59:59.999,214520.8030,151,213,46538.9450,0,64.20326829706887,47.235740807039235,42.505980567949436,4.729760239089799,283.5945777171141,137.26029999999997,-9.073977717114133,49.4632857142857,5544.45,24.716945854425326,219.5698,29.423187288259417
2021-11-29,205.0,238.0,180.0,180.0,6762,2021-12-05 23:59:59.999,1417569.5650,181,5950,1257117.1930,0,62.7204575224551,43.60373096872465,42.72553078591838,0.8782001828062675,282.76994364286634,144.89235,7.0147563571336775,51.265428571428565,5841.3,1.3114200484043523,216.16979999999998,33.39711439930089
2021-12-06,187.0,221.0,163.0,177.7,1600,2021-12-12 23:59:59.999,299546.2700,105,67,12707.6900,0,55.68339723520554,40.07864791362232,42.19615394562298,-2.1175060320006622,279.32771677577557,152.38735,25.44698322422444,51.15028571428571,5685.05,11.741328571069245,201.96480000000003,31.115282984411273
2021-12-13,173.0,193.51,140.0,175.9,2125,2021-12-19 23:59:59.999,360903.5000,158,747,124361.8500,0,49.66148243916247,36.71712971058588,41.10034865839276,-4.383218947806881,274.0512518288372,159.41125000000002,44.77124817116284,50.275928571428565,5710.2,27.625612189370592,189.6288,25.113194683273488
2021-12-20,175.9,200.79,164.63,197.53,61938,2021-12-26 23:59:59.999,11618261.1200,18125,38627,7242826.3200,0,57.280407832933726,35.38109500838286,39.95649756077122,-4.575402552388361,267.71321061554,167.40105,67.08888938445997,49.096642857142854,8357.6,15.575449066760285,182.246,8.720497692219029
2021-12-27,197.53,205.17,167.05,175.48,92891,2022-01-02 23:59:59.999,16662690.0800,25882,57390,10320231.6200,0,57.09751233653386,32.18063749635587,38.401325148037635,-6.220687651681764,257.743323634259,173.60745,89.47157636574096,48.888928571428565,12960.85,15.464080327415797,181.322,9.234350004196157
2022-01-03,176.22,179.11,120.81,140.47,106826,2022-01-09 23:59:59.999,16439584.4400,26222,54844,8593165.8000,0,44.30376430608472,26.526312725739245,36.02632217506818,-9.500009449328935,250.06975999594596,176.68095,103.29214000405403,49.62464285714285,18092.5,-11.600714897044755,173.416,20.589481052226624
2022-01-10,141.09,160.0,123.0,148.91,103836,2022-01-16 23:59:59.999,14952545.7500,24490,57997,8412788.3100,0,49.40241992660751,22.464453591963405,33.31394801212482,-10.849494420161413,243.0437743055425,179.47705000000002,115.91032569445753,50.834285714285706,23065.95,-23.628064416863264,167.658,22.978933178022004
2022-01-17,148.69,151.02,92.9,98.0,85814,2022-01-23 23:59:59.999,11361625.1150,18328,53106,7151578.5200,0,39.872491569278246,14.980875285436753,29.647332984112666,-14.666457698675913,248.9669483115636,177.1567,105.34645168843637,53.26342857142856,26935.2,-50.25380710659898,152.078,37.69200803884034
2022-01-24,99.23,99.23,82.1,98.25,4128,2022-01-30 23:59:59.999,378050.7520,199,1862,169623.5000,0,31.739409499358146,8.967007364647031,25.511267424640995,-16.544260059993963,253.19228904470572,173.1857,93.17911095529428,49.22357142857142,26783.85,-60.49854256709217,132.222,33.700947612789925
2022-01-31,96.0,123.04,89.0,112.69,8445,2022-02-06 23:59:59.999,883092.7700,278,5910,619231.7400,0,34.79695614541258,5.301278145806435,21.469269228336405,-16.16799108252997,255.17018491364126,170.86880000000002,86.56741508635878,49.21078571428571,26732.55,-52.56755619159862,119.66399999999999,23.794658644326354
2022-02-07,113.29,118.87,88.0,96.5,2445,2022-02-13 23:59:59.999,277093.2200,181,703,78009.2100,0,18.5153777741008,1.0814692012300497,17.391708948088112,-16.310239746858063,258.3750722563142,168.80255,79.23002774368582,44.44085714285715,26638.25,-58.83878452850148,110.87,22.25843772595053
2022-02-14,110.0,112.11,84.1,90.3,104781,2022-02-20 23:59:59.999,9822680.6900,16119,75001,7056485.0900,0,18.902027027027017,-2.730007894976808,13.367365362482952,-16.097373257459758,260.9557393240713,164.77204999999998,68.58836067592863,43.655857142857144,31684.2,-49.8611882287618,99.148,8.228138914725601
2022-02-21,90.92,100.0,72.8,85.09,171743,2022-02-27 23:59:59.999,15088808.5200,23562,79420,7031296.0800,0,18.737912037308362,-6.099476289802382,9.473996864081876,-15.573473153884258,263.9285111892449,161.42765,58.92678881075514,42.06464285714286,40144.45,-52.727777777777774,96.566,10.413751965551258
2022-02-28,91.81,110.87,78.76,85.2,175202,2022-03-06 23:59:59.999,16398821.9100,26297,90870,8533942.1500,0,24.301343154246098,-8.66099567665455,5.846998230771469,-14.50799390742602,265.77577616514805,157.74245,49.70912383485192,40.46928571428571,48796.9,-52.05402363534045,93.956,11.46815721901403
2022-03-07,84.81,95.0,77.6,79.27,173010,2022-03-13 23:59:59.999,14412210.3500,22940,128258,10746331.8300,0,23.557515619257615,-11.041047813845651,2.4693889286024344,-13.510436742448086,263.9156341040268,151.95694999999998,39.99826589597316,37.56928571428572,57256.15,-54.93462194428653,87.272,6.469371685104054
2022-03-14,77.66,97.71,73.85,89.63,200978,2022-03-20 23:59:59.999,17249601.5600,28033,108170,9309693.5700,0,27.81947312748703,-11.955159904393923,-0.41552090171176725,-11.539639002682156,259.74358756083075,146.58845,33.43331243916924,35.130714285714284,67139.3,-54.62461398268618,85.898,4.426507652769457
2022-03-21,87.74,107.13,85.59,106.75,196950,2022-03-27 23:59:59.999,18903352.5400,31307,107735,10390864.5800,0,33.83212532148701,-11.17203203984468,-2.5668231673485704,-8.60520887249611,243.0746884614968,139.4897,35.90471153850319,32.847142857142856,75219.75,-39.16685662183724,89.188,10.48431781281097
2022-03-28,106.75,151.0,102.0,136.92,162723,2022-04-03 23:59:59.999,20021104.3100,32470,88570,10991858.7900,0,36.373038356041185,-8.028794177608631,-3.65921738484133,-4.369576792767301,227.1872790002754,134.4567,41.726120999724614,33.76428571428572,83231.1,-2.527230013526028,99.554,23.259213873216385
2022-04-04,135.59,143.3,100.0,111.4,188131,2022-04-10 23:59:59.999,22455063.1700,36734,121731,14695045.1600,0,35.81422119897282,-7.507024557954438,-4.428778828166013,-3.0782457297884243,208.59636403693912,128.30450000000002,48.0126359630609,34.13428571428572,92568.3,-25.189711906520714,104.79400000000001,22.14140081386044
2022-04-11,111.4,113.37,90.0,100.72,226248,2022-04-17 23:59:59.999,23302388.7800,38480,130315,13456522.0600,0,40.137944722870046,-7.86330178497893,-5.115683425742512,-2.7476183592364176,201.63912951239402,124.3355,47.03187048760597,31.639285714285716,103828.8,2.7755102040816317,109.08400000000002,17.56465855062426
2022-04-18,100.37,116.9,89.0,99.62,226083,2022-04-24 23:59:59.999,23279450.7200,37987,150538,15554429.5200,0,37.308821257531285,-8.140422102161608,-5.720631165404341,-2.419790936757267,193.69305592181584,120.31649999999999,46.93994407818414,30.98928571428572,114794.85,1.3944020356234144,111.08200000000002,15.208698826658942
2022-04-25,99.38,108.0,81.41,87.23,234452,2022-05-01 23:59:59.999,22455979.6400,37676,175244,16864982.7300,0,46.540759298516086,-9.251798829718282,-6.426864702355942,-2.82493412736234,185.32856366879355,115.79299999999998,46.25743633120641,28.73714285714286,126437.45,-22.592954121927406,107.178,18.70269820106229
2022-05-02,87.23,100.5,71.14,75.65,257440,2022-05-08 23:59:59.999,21766511.9700,37579,165304,14080448.8300,0,43.23353293413173,-10.939681453862065,-7.329428056837555,-3.6102533970245094,176.41630584919852,110.78049999999999,45.14469415080144,29.610714285714288,139203.2,-21.606217616580306,94.924,13.763986704440828
2022-05-09,75.78,77.97,37.06,59.07,364692,2022-05-15 23:59:59.999,20547890.3100,33710,214662,12288696.2200,0,34.14922549367388,-13.458486806149338,-8.555239811241968,-4.90324699490737,159.39927522133087,103.8575,48.31572477866912,30.101428571428574,154340.9,-34.58471760797342,84.458,17.4939580998706
2022-05-16,58.41,62.0,45.0,52.0,429712,2022-05-22 23:59:59.999,22485445.1000,34694,212743,11156570.4600,0,36.095488063992,-15.841871640936816,-10.012566181500858,-5.8293054594359575,146.78119863831657,97.68350000000001,48.58580136168346,29.11071428571429,171181.95,-38.8882359854272,74.714,19.61183137802363
2022-05-23,52.0,55.12,38.0,42.0,554515,2022-05-29 23:59:59.999,25439059.6900,39522,350273,16006363.4000,0,35.25821023074107,-18.32554422599904,-11.67516179434321,-6.650382431655828,143.51311678269522,92.76,42.00688321730479,28.332857142857144,193566.4,-50.70422535211267,63.19,18.19601467354973
2022-05-30,42.0,51.0,33.33,37.51,641301,2022-06-05 23:59:59.999,26455685.1600,39295,444208,18530717.4500,0,35.41385652973635,-20.420399421884298,-13.424209323169613,-6.996190098714685,136.42555967836773,87.19,37.95444032163226,27.652142857142856,220439.65,-52.68071149236786,53.246,15.095569879936338
2022-06-06,38.73,48.0,28.0,30.39,714953,2022-06-12 23:59:59.999,27291919.3100,41601,444448,17309686.8200,0,33.889835988478026,-22.39640438686267,-15.218648338631663,-7.177756048231007,138.86066260543942,83.80949999999999,28.758337394560556,26.787142857142857,251896.6,-66.09394176057124,44.194,11.426601857072157
2022-06-13,30.39,37.45,24.0,34.66,992701,2022-06-19 23:59:59.999,30071670.8700,43888,537913,16572166.2900,0,36.7586821015138,-23.348917969418196,-16.844702266763274,-6.504215702654921,139.38991437061588,80.63,21.870085629384107,26.505000000000003,301325.25,-67.53161592505855,39.312,8.256831716829822
2022-06-20,34.66,46.12,28.9,38.87,743511,2022-06-26 23:59:59.999,28048191.8400,41938,442466,16652345.4900,0,34.362292051756,-23.493469000647913,-18.17445561483184,-5.319013385816074,136.48825458899776,76.93900000000001,17.389745411002245,26.030714285714286,338078.55,-71.61115980134385,36.68599999999999,4.399764766444681
2022-06-27,39.06,43.0,29.0,33.92,747084,2022-07-03 23:59:59.999,25913551.4800,39573,488224,17062749.2500,0,25.744354892426557,-23.733566465164152,-19.28627778576226,-4.447288679401893,135.56712871700262,73.81,12.05287128299738,25.492142857142856,375310.5,-69.55116696588868,35.07,3.3085721996125015
2022-07-04,33.15,42.36,31.0,40.0,463083,2022-07-10 23:59:59.999,16658100.4400,25751,341880,12411441.5300,0,11.551888289431929,-23.16646688664389,-20.062315606421013,-3.104151280222876,134.3086501502902,71.29499999999999,8.281349849709791,22.803571428571427,393225.6,-60.28594122319301,35.568,3.9018546872030613
2022-07-11,32.0,44.0,30.0,38.32,557934,2022-07-17 23:59:59.999,20301099.7100,31740,397579,14524947.4200,0,14.246575342465746,-22.592071571836094,-20.568266799755648,-2.023804772080446,133.27249204421548,68.9565,4.640507955784514,20.71071428571429,412535.15,-61.53382854848424,37.153999999999996,2.6964198486229543
2022-07-18,38.32,50.55,36.0,41.56,614626,2022-07-24 23:59:59.999,25601443.1100,31339,335176,14375192.3500,0,18.78429717180245,-21.626244043337152,-20.779862248556135,-0.846381794781017,131.72807353323105,66.7745,1.8209264667689524,20.08071428571429,434506.35,-52.355840880431046,38.534000000000006,2.8615345533554644
2022-07-25,41.57,51.0,31.87,41.84,605113,2022-07-31 23:59:59.999,24339023.7300,37703,398260,16103934.6900,0,19.246327443048756,-20.600748588282016,-20.74403951648991,0.14329092820789313,130.49445229934196,64.90299999999999,-0.6884522993419893,19.454285714285714,456111.5,-44.69266358228685,39.128,3.2328810680331266
2022-08-01,42.08,47.0,34.7,41.11,651585,2022-08-07 23:59:59.999,26261588.5900,40759,409493,16661104.8000,0,21.973748176956732,-19.620725804876344,-20.51937677410999,0.8986509692336462,127.80629740129908,62.47700000000001,-2.8522974012990616,18.43357142857143,478641.85,-30.404604706280686,40.565999999999995,1.4380472871384997
2022-08-08,40.82,52.7,36.0,44.35,504595,2022-08-14 23:59:59.999,22075137.1900,35908,334503,14859414.5300,0,28.834189883689476,-18.370940134142366,-20.089689446028938,1.7187493118865724,121.67436738578381,59.357000000000006,-2.9603673857837975,17.529285714285713,494024.1,-14.71153846153846,41.436,2.149751148399746
2022-08-15,45.2,49.83,32.03,36.91,560767,2022-08-21 23:59:59.999,22494755.8800,36537,426557,17257691.7700,0,32.90123456790123,-17.775671820558237,-19.626885920859376,1.8512141003011386,105.52013152207172,54.356500000000004,3.192868477928279,15.87857142857143,513926.3,-12.119047619047626,41.154,2.686229699792287
2022-08-22,36.91,40.11,28.03,30.53,794172,2022-08-28 23:59:59.999,27244860.8100,43279,570776,19631439.2900,0,33.25534238028388,-17.615473673295405,-19.224603471294138,1.6091297979987331,94.84778834160545,50.313,5.778211658394561,15.527142857142858,544228.35,-18.608371101039715,38.948,5.413771328754762
2022-08-29,30.64,35.42,27.58,31.54,827404,2022-09-04 23:59:59.999,26244709.8900,41267,559114,17882754.2000,0,40.511611030478946,-17.208662968337407,-18.82141537066074,1.6127524023233342,85.2238518713794,46.854,8.484148128620603,14.864285714285714,574286.15,3.7841395195788037,36.888,5.969348373151627
2022-09-05,32.15,37.23,27.9,35.33,759922,2022-09-11 23:59:59.999,25305835.2800,39969,466979,15733882.3200,0,47.99705990444689,-16.3915755384297,-18.335447404173987,1.9438718657442884,73.14438949666724,43.6395,14.134610503332755,14.268571428571429,600978.1,1.9330640507790011,35.73199999999999,5.487551366506602
2022-09-12,35.24,42.48,29.21,31.62,704401,2022-09-18 23:59:59.999,24162451.2400,38733,540821,18533778.3400,0,51.205645951774166,-15.86047178453147,-17.840452280212446,1.9799804956809766,62.500923156105046,40.858999999999995,19.21707684389494,13.78785714285714,624475.55,-18.651916645227672,33.18599999999999,2.769518008616219
2022-09-19,31.44,38.0,28.87,31.82,759059,2022-09-25 23:59:59.999,24701438.1000,41613,507064,16604692.0400,0,46.974861525351514,-15.247662182486302,-17.321894260639528,2.0742320781532264,53.177078505975715,38.667500000000004,24.157921494024297,13.479285714285712,649556.5,-6.1910377358490605,32.168,1.836918615521654
2022-09-26,32.02,36.89,29.0,31.56,724666,2022-10-02 23:59:59.999,24145070.3900,39837,396079,13341068.8700,0,41.49802279599907,-14.614508373015958,-16.780417083091688,2.1659087100757297,48.49746783823433,37.291999999999994,26.086532161765657,12.812857142857142,667555.2,-21.1,32.374,1.6561642430779333
2022-10-03,32.23,37.1,29.64,33.43,694038,2022-10-09 23:59:59.999,23186566.7200,38220,460995,15469618.3300,0,49.38611876722625,-13.802756118441401,-16.184884890141277,2.3821287716998754,45.281482483665656,36.3635,27.445517516334345,12.345714285714285,680771.5,-12.760960334029228,32.751999999999995,1.6337594682356824
2022-10-10,33.17,34.9,26.0,30.5,661612,2022-10-16 23:59:59.999,20618177.9600,33915,394024,12459308.1700,0,37.07834602829163,-13.2431506929995,-15.596538050696838,2.353387357697338,44.65911921531852,35.7885,26.91788078468148,12.17,686126.35,-26.612127045235805,31.786,1.053128672124237
2022-10-17,30.44,33.85,24.82,29.69,735509,2022-10-23 23:59:59.999,21634350.9800,35315,581891,17250403.7700,0,37.977152410142104,-12.71839335921291,-15.02090911238746,2.30251575317455,44.63059807161281,35.397499999999994,26.16440192838718,11.814999999999998,690836.75,-29.03919694072658,31.4,1.4192427558562077
2022-10-24,29.58,36.53,26.0,33.19,685532,2022-10-30 23:59:59.999,21402964.3000,34525,471587,14809541.6400,0,38.42323651452281,-11.883164710331947,-14.393360231965376,2.5101955216334293,44.532749916075254,35.5375,26.54225008392475,11.527857142857142,689365.7,-19.265385550960843,31.674,1.6362548701379638
2022-10-31,33.19,41.1,29.0,32.37,686344,2022-11-06 23:59:59.999,22916360.5200,40626,487313,16307786.7600,0,37.09457617879531,-11.158762482036934,-13.74644068197063,2.5876781999336966,44.522968999369944,35.423,26.32303100063006,11.025714285714287,674047.85,-27.012401352874864,31.836000000000002,1.6620409140722543
2022-11-07,33.11,35.46,9.0,11.75,2268098,2022-11-13 23:59:59.999,38492007.5900,52292,1097248,19112734.1200,0,24.054436196535875,-12.108688378684757,-13.41889022130979,1.3102018426250321,47.87088366404712,34.067,20.26311633595288,12.037142857142856,750277.2,-68.16580872392305,27.5,8.915598689939559
2022-11-14,12.9,16.47,11.27,11.9,1946516,2022-11-20 23:59:59.999,26598510.8400,57576,1033916,14535308.5900,0,19.667227519162452,-12.702972845514292,-13.275706746149408,0.5727339006351162,49.9626527974131,32.966,15.969347202586906,11.215714285714286,810248.8,-61.021945627251895,23.779999999999998,10.989990900817595
2022-11-21,12.0,16.21,10.21,13.58,2001594,2022-11-27 23:59:59.999,26912710.2500,53979,1144008,15693473.3500,0,25.560444165095333,-12.889813904618258,-13.198528177842626,0.30871427322436773,50.35974791370981,31.645000000000003,12.9302520862902,10.372857142857143,887174.35,-56.94356372859861,20.558,11.183973801831572
2022-11-28,13.8,15.41,12.08,13.35,1573437,2022-12-04 23:59:59.999,21635275.2900,37699,1017355,14258030.0700,0,29.341029341029326,-12.907649016714942,-13.140352345616757,0.232703328901815,50.51522578888739,30.396499999999996,10.277774211112604,9.747857142857143,937949.5,-62.21341636003396,16.59,8.859850450208324
2022-12-05,13.37,15.68,12.16,13.09,1616235,2022-12-11 23:59:59.999,22402646.8100,37894,949219,13437690.7300,0,27.406318883174137,-12.795262298779576,-13.071334336249002,0.2760720374694259,49.782861123996526,28.972999999999995,8.163138876003469,9.439285714285715,988029.95,-58.602150537634415,12.734,0.8493703550620818
2022-12-12,13.78,16.0,11.02,12.21,1616216,2022-12-18 23:59:59.999,21644694.5000,39898,900994,12417960.5800,0,19.51476793248945,-12.631584697274889,-12.983384408453858,0.3517997111789697,48.66014938634791,27.491500000000002,6.322850613652097,9.128571428571428,1038585.1,-61.627906976744185,12.825999999999999,0.7330961738123092
2022-12-19,12.79,13.56,10.6,12.03,1834532,2022-12-25 23:59:59.999,22025439.6500,42870,1085681,13304591.0000,0,21.517883105553935,-12.37375301590566,-12.861458129943863,0.48770511403820294,47.26232545957673,26.0375,4.812674540423274,8.392142857142856,1097732.45,-61.88212927756654,12.852,0.6932676251334954
2022-12-26,11.7,12.58,7.31,10.34,2621437,2023-01-01 23:59:59.999,26230144.7500,29170,1484525,15452805.4500,0,20.06688963210702,-12.165537468801837,-12.72227399771513,0.5567365289132926,44.82099950667586,24.337,3.853000493324135,8.116428571428573,1203574.55,-69.06969787615914,12.204,1.183545520906785
2023-01-02,9.8,16.0,8.97,15.02,4403150,2023-01-08 23:59:59.999,56134006.5900,22676,2636006,34633998.6700,0,29.478908188585606,-11.490463284943115,-12.475911855160264,0.9854485702171498,43.23112926766174,23.2425,3.253870732338253,8.055000000000001,1395693.7,-50.75409836065574,12.538,1.7074747436077555
2023-01-09,15.02,25.5,13.21,22.9,2315806,2023-01-15 23:59:59.999,43386307.8100,31197,1316702,25320445.3900,0,38.63096523429064,-10.202057259994447,-12.021140936126416,1.819083676131969,42.55304477367561,22.860999999999997,3.1689552263243854,8.4,1471775.4,-22.869653081845748,14.5,4.987008121114054
2023-01-16,22.9,27.2,19.5,24.52,2336971,2023-01-22 23:59:59.999,53645175.3500,38227,1446839,34043815.7800,0,43.355555555555554,-8.947137685777982,-11.40634028605599,2.459202600278008,41.79676775735996,22.509999999999998,3.2232322426400373,8.314285714285715,1547253.75,-26.12232600180777,16.962,6.409564727815492
2023-01-23,24.52,28.0,21.5,26.68,1275606,2023-01-29 23:59:59.999,31195413.6000,35577,859857,21289874.7100,0,46.75296655879179,-7.6896804320395304,-10.663008315251984,2.9733278832124537,40.52342423958896,22.077499999999997,3.6315757604110317,8.133571428571429,1573037.95,-17.57800432499227,19.892,6.919546227900731
2023-01-30,26.49,28.0,20.5,23.5,1242564,2023-02-05 23:59:59.999,30335671.1500,36072,816351,20115385.5200,0,39.474255920052144,-6.870520927944973,-9.904510837789998,3.0339899098450243,39.582772869048085,21.671499999999998,3.7602271309519146,7.917142857142857,1599946.1,100.0,22.524,4.434532669859824
2023-02-06,23.5,25.6,18.42,21.84,1654279,2023-02-12 23:59:59.999,37090611.4200,41979,936049,21313852.5200,0,38.766801792191174,-6.282846602875765,-9.180177990806705,2.89733138793094,38.43774574184626,21.1725,3.9072542581537455,7.565714285714286,1644707.1,83.52941176470587,23.887999999999998,1.8381838863545497
2023-02-13,21.72,28.12,18.28,25.34,1694984,2023-02-19 23:59:59.999,38630368.9500,56760,1049811,24273562.3800,0,72.84033613445378,-5.471630785302807,-8.43846854970556,2.9668377644027526,37.55347635802504,20.8615,4.1695236419749655,6.378571428571428,1693223.0,86.5979381443299,24.375999999999998,1.834197372163995
2023-02-20,25.13,29.08,20.7,23.55,1984374,2023-02-26 23:59:59.999,48274017.2400,36463,1122615,27831906.2000,0,68.55686524370819,-4.916493014340347,-7.734073442632239,2.817580428291892,36.04742330137067,20.3675,4.687576698629332,6.605714285714285,1757739.8,76.40449438202248,24.182,1.8661779122188187
2023-02-27,23.55,24.57,19.11,20.58,2331232,2023-03-05 23:59:59.999,51351148.3100,52731,1425356,32173237.4300,0,60.709914320685435,-4.662439789795549,-7.119746712064706,2.457306922269157,34.81202951221234,19.871499999999997,4.930970487787654,6.567142857142857,1841220.8,57.21925133689838,22.962,1.8181639090175346
2023-03-06,20.77,22.24,16.0,18.99,2635723,2023-03-12 23:59:59.999,49884258.2200,41878,1684991,32498735.6300,0,58.284371327849584,-4.537094055134752,-6.603216180678586,2.066122125543834,33.54503601851713,19.336499999999997,5.127963981482866,6.7749999999999995,1936231.5,55.528255528255514,22.06,2.482045527393548
2023-03-13,18.99,24.0,17.36,22.38,2335683,2023-03-19 23:59:59.999,48482014.4100,39964,1430765,30280767.1600,0,62.49663707290826,-4.116766808083646,-6.105926306159498,1.9891594980758516,31.531714225834783,18.796,6.060285774165218,6.997857142857143,2018739.05,86.0349127182045,22.168,2.4818279553696443
2023-03-20,21.8,24.44,19.69,21.34,2432701,2023-03-26 23:59:59.999,52916458.7400,41842,1522764,33752175.7900,0,62.22877042593088,-3.8234957259742473,-5.649440190122374,1.8259444641481268,29.357109196670244,18.2445,7.131890803329755,6.981428571428571,2106056.9,106.38297872340425,21.368000000000002,1.7365108695469247
2023-03-27,21.21,23.0,18.0,21.0,2408550,2023-04-02 23:59:59.999,50241019.1900,42687,1580818,33559890.0200,0,61.96319018404908,-3.5772738014292607,-5.235006912383699,1.657733110954438,29.445166265097,18.707,7.968833734902999,7.127142857142857,2113079.5,39.81358189081226,20.857999999999997,1.2385152401383017
2023-04-03,20.77,22.99,18.5,20.73,1680422,2023-04-09 23:59:59.999,34931253.6500,41352,985290,20786541.4900,0,64.40255059606321,-3.3651359032378423,-4.861032710554488,1.4958968073166456,29.424408001883965,19.1485,8.872591998116032,7.07142857142857,2099774.8,-9.475982532751084,20.887999999999998,1.2318969112936446
2023-04-10,20.58,27.5,19.11,25.44,2170010,2023-04-16 23:59:59.999,50816071.8300,47584,1190584,28518193.1700,0,64.43213296398892,-2.784865985070031,-4.445799365457562,1.6609333803875312,30.033189595827643,19.741500000000002,9.449810404172359,7.168571428571427,2108195.6,3.7520391517128946,22.178,1.927957468424618
2023-04-17,25.44,27.49,19.17,21.69,1862702,2023-04-23 23:59:59.999,43415009.0500,45479,969933,23172459.0800,0,48.107600875821085,-2.5976396027925652,-4.076167412924539,1.4785278101319737,30.02692124631704,20.1585,10.290078753682959,6.884999999999999,2122658.85,-18.7031484257871,22.04,1.9345671350600169
2023-04-24,21.69,25.88,19.0,22.98,1396877,2023-04-30 23:59:59.999,30928028.4300,43248,845381,19133415.7700,0,47.56637168141592,-2.318446000413914,-3.7246231304223953,1.4061771300084813,30.007861612525236,20.653,11.298138387474761,6.826428571428571,2111690.95,-2.212765957446807,22.368000000000002,1.9252194680228485
2023-05-01,22.59,24.8,19.5,22.46,1205249,2023-05-07 23:59:59.999,27020723.7800,46188,718495,16310751.6400,0,42.96666666666666,-2.11476404537418,-3.402651313412739,1.287887268038559,29.65594906133841,21.1655,12.67505093866159,6.740714285714285,2091142.6,2.8388278388278434,22.660000000000004,1.7703530721452299
2023-05-08,22.45,23.74,19.0,21.28,1233747,2023-05-14 23:59:59.999,25831257.9300,41499,717128,15302378.2900,0,46.035714285714285,-2.0252133308752036,-3.127163716905222,1.1019503860300186,28.950558080488644,21.628,14.305441919511356,6.543571428571427,2061103.35,-16.022099447513806,22.77,1.6321458268347244
2023-05-15,21.28,22.85,19.05,20.18,1151456,2023-05-21 23:59:59.999,24118301.0100,42338,769684,16320192.4200,0,46.975218658892125,-2.019720687829217,-2.905675111090015,0.8859544232607979,27.240254927866374,22.119999999999997,16.99974507213362,6.302142857142856,1987604.3,-14.3099787685775,21.718,1.0841217644040042
2023-05-22,20.0,21.54,19.0,21.39,1752589,2023-05-28 23:59:59.999,35165790.8800,48807,1048575,21314282.0900,0,42.14711729622267,-1.895878028636595,-2.703715694599327,0.8078376659627318,26.34867175555227,22.438499999999998,18.528328244447724,5.780714285714285,1855076.25,3.9358600583090495,21.658,1.094312569631948
2023-05-29,21.39,24.07,19.2,22.4,1257656,2023-06-04 23:59:59.999,26609793.9300,36277,767654,16512506.9100,0,47.64054164956914,-1.6966763606149833,-2.5023078278024546,0.8056314671874714,26.31763694216557,22.413500000000003,18.509363057834435,5.53,1802168.75,17.956819378620327,21.542,0.9388397094576505
2023-06-05,22.18,22.8,12.0,15.8,2018819,2023-06-11 23:59:59.999,37036366.4400,43842,807318,15408484.8300,0,41.46428571428571,-2.0477589226612807,-2.4113980467742184,0.36363912411293775,26.743607868119483,21.9775,17.211392131880515,5.911428571428571,1786261.15,-29.401251117068806,20.21,2.5875857473821218
2023-06-12,14.8,17.26,13.63,16.2,1958538,2023-06-18 23:59:59.999,30145272.1600,38535,1121281,17570365.4600,0,44.79671764267065,-2.2675788422346095,-2.382634205866296,0.11505536363168645,26.345479579940072,21.453500000000002,16.56152042005993,5.725,1820407.75,-24.08622305529522,19.194,3.0230911332699733
2023-06-19,15.79,18.74,15.0,17.54,1281497,2023-06-25 23:59:59.999,21701604.5800,30941,902875,15479619.9500,0,40.22617124394184,-2.3070678129036004,-2.3675209272737567,0.060453114370156324,26.24471863509654,21.1555,16.06628136490346,5.517857142857143,1822354.4,-16.47619047619048,18.666,3.038335070405462
2023-06-26,17.34,19.57,15.81,19.57,1892792,2023-07-02 23:59:59.999,33417633.4900,41822,1002321,18305168.2800,0,46.5631067961165,-2.1497796975635275,-2.3239726813317105,0.17419298376818304,26.16805973639374,21.041999999999998,15.915940263606256,5.447142857142857,1834280.05,-5.595754944524844,18.302,2.723071794877234
2023-07-03,19.57,24.44,17.37,21.6,1594287,2023-07-09 23:59:59.999,32351588.1600,39579,989769,20617243.1800,0,51.0932944606414,-1.8401138412362208,-2.227200913312612,0.38708707207639126,25.57790053608042,20.855,16.13209946391958,5.595,1829245.2,-15.09433962264151,18.142,2.429798345553802
2023-07-10,21.58,31.0,19.5,27.85,1615371,2023-07-16 23:59:59.999,39838926.8800,29721,995984,25053564.1800,0,60.652304009575104,-1.0779579162861133,-1.9973523139073113,0.919394397621198,26.627261726314615,21.07,15.512738273685386,6.095714285714286,1810795.05,28.400184416781926,20.552,4.564413434391643
2023-07-17,27.68,30.5,23.22,26.79,917802,2023-07-23 23:59:59.999,24088760.6200,16910,373442,10240746.1700,0,52.267383271750084,-0.5531004240321522,-1.7085019359322786,1.1554015119001264,27.489080591440995,21.3805,15.271919408559008,6.0164285714285715,1740123.55,16.57963446475195,22.67,4.496626513293487
2023-07-24,25.1,26.8,23.5,24.01,1610248,2023-07-30 23:59:59.999,39789821.2600,2972,695704,17731556.5900,0,54.02777777777778,-0.35734857518284,-1.43827126378239,1.08092268859955,27.739042446587362,21.6315,15.523957553412634,5.657857142857142,1688849.8,6.901157613535176,23.964000000000002,3.463564637776138
2023-07-31,24.01,26.0,23.53,23.53,1270507,2023-08-06 23:59:59.999,30986041.0000,2343,428570,10780605.3300,0,50.98249374776706,-0.23819968393643265,-1.1982569478131981,0.9600572638767655,27.847652962768215,21.689,15.530347037231785,5.3428571428571425,1635591.0,10.57330827067669,24.756,2.5362334277532472
2023-08-07,24.0,27.16,23.46,24.05,282102,2023-08-13 23:59:59.999,7052823.1300,1018,127184,3301702.9700,0,52.84030010718113,-0.10065373128617949,-0.9787363045077941,0.8780825732216146,28.06946588840905,21.8245,15.579534111590952,5.228571428571429,1528061.05,19.17740336967295,25.246000000000002,1.9408451767342925
2023-08-14,25.0,25.0,21.5,23.8,1015982,2023-08-20 23:59:59.999,23056169.7500,842,130975,3120882.7900,0,54.65631929046563,-0.011685643365193954,-0.7853261722792738,0.7736405289140799,28.25700004705041,21.9645,15.67199995294959,5.140000000000001,1458432.65,11.266947171575502,24.436,1.3320210208750949
2023-08-21,21.93,24.0,21.5,21.5,409674,2023-08-27 23:59:59.999,9093619.0100,887,96829,2233814.5100,0,52.33545647558387,-0.125322706825429,-0.6533254791885047,0.5280027723630757,28.273079660370563,22.003000000000004,15.732920339629446,5.047142857142857,1394895.25,-4.017857142857137,23.378,1.069939250636975
2023-08-28,21.5,23.75,19.46,20.72,529427,2023-09-03 23:59:59.999,11126846.5700,932,76770,1770336.3700,0,48.79626302551203,-0.2751482477010363,-0.5776900328910108,0.30254178518997454,27.844745773248068,21.767,15.689254226751931,5.172142857142857,1312866.1,31.139240506329102,22.72,1.5066353241756645
2023-09-04,20.95,22.0,19.47,20.01,498916,2023-09-10 23:59:59.999,10048885.3600,1537,112692,2406992.1300,0,45.65928078459863,-0.4460351819761996,-0.5513590627080486,0.10532388073184895,27.811453398097747,21.683,15.554546601902253,5.005,1244676.8,23.518518518518533,22.016,1.8227534117521833
2023-09-11,20.01,21.07,17.5,19.04,3995107,2023-09-17 23:59:59.999,75629172.5800,3251,371157,7476957.4200,0,57.3972602739726,-0.652216432170551,-0.5715305366005491,-0.08068589557000194,27.691723673820306,21.486,15.280276326179695,4.488571428571428,1374588.3,8.551881413911062,21.014,1.802021087572139
2023-09-18,19.04,21.8,17.51,19.03,429385,2023-09-24 23:59:59.999,8600691.2600,2651,245458,5185540.5700,0,56.57833565783357,-0.8071194835887994,-0.6186483259981992,-0.18847115759060018,27.596006607748038,21.3145,15.032993392251962,4.535714285714286,1335795.1,-2.759325498211544,20.060000000000002,1.0738947807188113
2023-09-25,19.03,25.06,18.06,25.0,573005,2023-10-01 23:59:59.999,11963876.3000,1474,343182,7473634.0700,0,64.26931905126243,-0.4430471444062647,-0.5835280896798123,0.1404809452735476,27.99441772110221,21.5005,15.006582278897787,4.768571428571429,1302758.0,15.740740740740733,20.76,2.474520155515972
2023-10-02,24.15,25.75,21.2,24.5,4975694,2023-10-08 23:59:59.999,113896289.5300,2841,2403438,57838893.4900,0,60.016253555465255,-0.1926421986048119,-0.5053509114648123,0.31270871286000035,28.3120687676231,21.7165,15.1209312323769,4.825,1493969.9,-12.028725314183127,21.516000000000002,2.9841799543684444
2023-10-09,24.4,25.0,19.8,24.0,665523,2023-10-15 23:59:59.999,14579267.4100,1236,211032,4973533.6200,0,55.19930675909878,-0.03414652923796169,-0.4111100350194421,0.3769635057814804,28.51821735912238,21.847,15.175782640877623,4.691428571428572,1439616.6,-10.414333706606941,22.314,3.0141134683442314
2023-10-16,19.81,30.0,19.81,28.8,1881365,2023-10-22 23:59:59.999,49073660.7300,5439,1032127,27193272.1200,0,52.19602404068423,0.47332473252683727,-0.23422308151018623,0.7075478140370235,29.52820442090422,22.166999999999998,14.805795579095776,4.597857142857143,1470802.05,19.950020824656388,24.266000000000002,3.4870159162317003
2023-10-23,29.01,32.99,26.5,31.95,2012054,2023-10-29 23:59:59.999,62871776.8200,3158,1759419,55555304.1400,0,60.876897133220915,1.1168033625058378,0.03598220729301865,1.080821155212819,30.91529533336174,22.9745,15.033704666638256,4.541428571428572,1470463.8,35.78410539736506,26.85,3.423448553732335
2023-10-30,31.95,50.0,29.19,38.61,1766710,2023-11-05 23:59:59.999,67099305.7600,5129,1224687,46639739.0100,0,76.44927536231884,2.139506579233938,0.45668708168120264,1.6828194975527353,34.073732120708804,24.095,14.116267879291195,5.792142857142857,1460872.4,60.54054054054053,29.572000000000003,6.014746046181067
2023-11-06,39.19,68.32,36.11,51.02,797376,2023-11-12 23:59:59.999,39545063.3200,3804,411866,21733554.3700,0,84.77105995446496,3.9063566021060723,1.1466209857661769,2.7597356163398956,40.979272013901166,25.769,10.558727986098827,7.916428571428571,1436666.35,114.36974789915968,34.876,10.468262988674311
2023-11-13,51.02,73.0,50.0,66.99,822555,2023-11-19 23:59:59.999,48057909.7000,5516,313753,19381217.4000,0,89.05056384139687,6.520080624359657,2.2213129134848737,4.298767710874784,51.74746625874783,28.140000000000004,4.5325337412521804,9.295,1383154.5,211.5813953488372,43.474000000000004,15.666299180088592
2023-11-20,54.0,66.99,47.0,53.82,544979,2023-11-26 23:59:59.999,30870638.6900,3598,187185,11341647.2100,0,72.1060382916053,7.442971357887341,3.265644602365368,4.177326755521973,55.75512347868619,29.750999999999998,3.746876521313805,10.472857142857142,1330689.1,159.74903474903476,48.477999999999994,13.677034400777174
2023-11-27,56.51,70.0,53.61,57.0,384356,2023-12-03 23:59:59.999,22672427.0400,2703,124762,7765211.9200,0,75.80692061645829,8.334888301910176,4.27949334227433,4.055394959635846,59.893455363579484,31.208499999999997,2.5235446364205103,11.465,1269138.35,184.85757121439278,53.488,10.27368337063392
2023-12-04,69.95,85.0,57.0,70.1,372964,2023-12-10 23:59:59.999,24738918.1300,2243,156941,10965134.6400,0,80.44389642416769,9.983711160717341,5.420336905962933,4.563374254754408,66.80157915884837,33.374,-0.05357915884835762,13.15857142857143,1241896.45,268.172268907563,59.78599999999999,8.343768932565006
2023-12-11,70.1,86.0,60.0,72.31,286386,2023-12-17 23:59:59.999,20339297.8900,2644,109669,8117409.5700,0,81.6585956416465,11.338045343174457,6.603878593405238,4.734166749769219,73.11924054231889,35.789,-1.5412405423188815,14.834999999999999,1175703.35,279.97898055701523,64.04400000000001,8.182739761231261
2023-12-18,71.0,122.25,64.9,102.04,761106,2023-12-24 23:59:59.999,72469971.0600,5387,505731,49810176.4500,0,87.26652298850576,14.641544512794873,8.211411777283166,6.430132735511707,86.84269805147409,39.7145,-7.413698051474093,18.676428571428573,1150233.3,308.16,71.054,19.086287748015117
2023-12-25,105.1,135.41,98.0,100.0,755212,2023-12-31 23:59:59.999,81593217.7000,5689,243504,27939121.4000,0,85.70420672016932,16.90016603052984,9.949162627932502,6.951003402597337,97.11995958182268,43.512,-10.095959581822683,21.042142857142856,1173888.8,308.16326530612247,80.28999999999999,19.820993920589036
2024-01-01,109.0,127.0,80.1,85.36,731832,2024-01-07 23:59:59.999,73982590.8300,3605,305671,31752781.2700,0,74.7255448140259,17.309285267825864,11.421187155911175,5.8880981119146885,102.45416571046536,46.59,-9.274165710465354,23.892142857142858,1159681.3,255.66666666666666,85.962,14.949164525150723
2024-01-08,85.36,116.26,81.0,92.0,321183,2024-01-14 23:59:59.999,31126796.4500,5144,101738,10363460.6500,0,76.32605304212169,17.962249276929164,12.729399580114775,5.232849696814389,108.16737435644703,50.115,-7.93737435644703,26.085714285714285,1155256.75,219.44444444444446,90.34200000000001,12.071065404512673
2024-01-15,92.0,111.0,90.0,91.5,402953,2024-01-21 23:59:59.999,39022479.2800,6890,126601,12976927.4800,0,76.32605304212169,18.22924672797665,13.829369009687152,4.399877718289499,112.78104088833248,53.653999999999996,-5.473040888332491,27.214285714285715,1148933.05,186.3849765258216,94.17999999999999,6.807701521073099
2024-01-22,91.5,109.0,85.0,87.07,443040,2024-01-28 23:59:59.999,39497517.3500,2281,45886,4389232.7500,0,72.7919893608699,17.877302133755663,14.638955634500855,3.238346499254808,115.704962342469,57.007000000000005,-1.6909623424689997,28.200714285714287,1146139.25,125.51152551152549,91.186,5.686200840633602
2024-01-29,106.0,111.0,86.8,94.0,396774,2024-02-04 23:59:59.999,39694623.0200,2859,164254,17251895.8700,0,73.57343666894613,17.95065198478605,15.301294904557894,2.649357080228155,118.81473348743165,60.75500000000001,2.6952665125683595,29.465714285714284,966222.6,84.24147393179145,89.986,3.6181321147828216
2024-02-05,94.0,120.0,93.0,109.0,241468,2024-02-11 23:59:59.999,24791659.0500,2402,99525,10669378.4000,0,75.14826723829938,19.000133894872206,16.041062702620756,2.95907119225145,123.6420433156739,65.2535,6.864956684326096,29.907857142857143,956826.75,62.710852366024795,94.714,8.377438749404307
2024-02-12,109.0,128.31,99.1,118.9,251308,2024-02-18 23:59:59.999,28626375.1700,3205,106735,12573713.6700,0,74.69441210710127,20.395594596633842,16.911969081423372,3.48362551521047,129.79135852833332,69.9485,10.105641471666686,29.69357142857143,940741.9,120.9215904868079,100.09400000000001,13.356653023868615
2024-02-19,118.9,119.99,99.01,99.57,304297,2024-02-25 23:59:59.999,32557707.8100,3244,118242,13326197.4900,0,61.56960227272727,19.714482865336166,17.47247183820593,2.2420110271302356,130.90089310669907,73.702,16.50310689330093,29.549285714285713,707172.05,74.68421052631578,101.708,12.5199189294507
2024-02-26,104.55,135.0,99.5,118.0,540444,2024-03-03 23:59:59.999,64292698.4200,3649,438669,53028820.4900,0,71.97042311378885,20.42638003468143,18.063253477501032,2.363126557180397,133.82546552252325,78.402,22.978534477476764,30.657142857142855,700918.1,68.33095577746079,107.894,11.031984408981701
2024-03-04,118.0,163.0,105.0,132.07,231149,2024-03-10 23:59:59.999,31273172.7800,2764,114593,15941053.7500,0,73.915259636827,21.87374723456756,18.825352228914337,3.048395005653223,138.77328681728838,83.5655,28.357713182711613,33.629285714285714,618407.3,82.64417093071496,115.508,12.12837045938209
2024-03-11,155.0,210.0,125.0,210.0,349540,2024-03-17 23:59:59.999,61966637.0100,4175,208357,38339639.5300,0,81.54026512760393,28.975084636074058,20.855298710346283,8.119785925727776,166.75613962148367,92.468,18.179860378516338,37.700714285714284,535281.6,105.80164641317128,135.708,43.11198638429925
2024-03-18,200.0,225.5,180.4,186.0,373322,2024-03-24 23:59:59.999,71256970.4300,4081,107914,21490569.4300,0,73.33826004844602,32.29408138673767,23.143055245624563,9.15102614111311,180.59094773477247,99.8375,19.08405226522754,39.065,465612.2,86.0,149.128,46.8531425840359
2024-03-25,186.0,210.0,176.0,200.0,301532,2024-03-31 23:59:59.999,57541071.3800,4632,157186,31081705.8600,0,71.49754213483146,35.64321962660672,25.643088121821,10.000131504785724,196.1565326674621,107.2865,18.416467332537906,37.39714285714285,440820.0,134.30178069353326,169.214,41.51986247568735
2024-04-01,190.0,200.0,166.05,170.0,274191,2024-04-07 23:59:59.999,50139890.5100,3653,124615,23681008.8100,0,63.68256450351837,35.467836695076585,27.60803783647212,7.859798858604464,203.3893472918359,112.43700000000001,21.484652708164134,37.15,413401.8,84.78260869565217,179.61399999999998,30.54725814209822
2024-04-08,179.95,190.0,140.0,149.0,300357,2024-04-14 23:59:59.999,48278678.7700,2415,58666,10484413.4300,0,62.137625877326826,33.25102370980696,28.736635011139093,4.514388698667865,205.14515239111617,117.196,29.246847608883826,37.371428571428574,401170.7,62.841530054644814,183.0,24.248711305963955
2024-04-15,149.0,170.0,130.0,134.01,201534,2024-04-21 23:59:59.999,28647728.0200,2521,69423,10410982.7100,0,57.76496247828176,29.939492457365375,28.97720650038435,0.9622859569810238,204.52877527603175,121.0465,37.56422472396825,37.709999999999994,392029.6,53.910646606178936,167.802,26.777434903291077
2024-04-22,149.54,166.0,130.0,142.73,262306,2024-04-28 23:59:59.999,39003361.6800,4041,123512,19218434.3100,0,59.189897032970975,27.699409332243036,28.721647066756088,-1.0222377345130518,205.09140726127953,124.678,44.26459273872047,38.78142857142857,386496.7,51.84042553191488,159.148,26.415447563878132
2024-04-29,142.73,151.23,110.0,144.34,299540,2024-05-05 23:59:59.999,40545583.5600,3471,109769,15597952.5800,0,60.37838425573556,25.757128649708207,28.12874338334651,-2.371614733638303,205.19335761801443,128.2795,51.36564238198561,40.012142857142855,387154.4,32.42201834862385,148.01600000000002,13.433980422793526
2024-05-06,144.34,162.06,127.13,130.0,199828,2024-05-12 23:59:59.999,28832000.4000,2239,118450,17622727.2800,0,56.35324015247777,22.79793904274233,27.062582515225674,-4.264643472483346,205.59314955507134,129.6775,53.76185044492868,40.77857142857143,359090.5,9.335576114381828,140.01600000000002,7.796911568050713
2024-05-13,131.0,188.05,128.11,157.16,278686,2024-05-19 23:59:59.999,43429200.6400,2489,160781,25686041.5300,0,58.149451739542435,22.386288986592177,26.127323809498975,-3.741034822906798,208.04960226608412,132.5355,57.021397733915904,43.13142857142857,335264.2,57.83870643768204,141.648,10.524432051184629
2024-05-20,157.16,197.89,157.16,170.04,222648,2024-05-26 23:59:59.999,39515903.1500,2384,90932,16676380.8800,0,58.56731220264022,22.83612076918527,25.469083201436238,-2.6329624322509666,210.62401972058223,136.7695,62.91498027941775,43.95428571428572,309805.0,44.10169491525423,148.85399999999998,15.25769576312227
2024-05-27,170.04,183.9,162.0,164.13,214370,2024-06-02 23:59:59.999,37230052.6300,5039,101598,18245950.5300,0,61.3247263541959,22.456859522745887,24.86663846569817,-2.4097789429522827,212.0374553666274,140.376,68.7145446333726,44.019999999999996,304464.35,24.275005678806696,153.134,16.089203833626993
2024-06-03,177.96,177.97,155.13,158.0,139224,2024-06-09 23:59:59.999,23603540.6100,3076,60041,10491864.2300,0,57.33299112708074,21.41479617171069,24.176270006900676,-2.7614738351899852,211.90133860079527,143.701,75.5006613992047,43.11571428571428,291277.9,-24.761904761904763,155.86599999999999,15.36615046132233
2024-06-10,161.05,169.98,135.0,149.79,206371,2024-06-16 23:59:59.999,31586591.2400,2014,45790,7391493.5600,0,53.319844124700246,19.699392898556027,23.28089458523175,-3.581501686675722,209.62641449505279,146.837,84.0475855049472,41.47142857142857,279444.45,-19.467741935483875,159.82399999999998,7.648746956201054
2024-06-17,149.79,160.9,120.0,128.46,136108,2024-06-23 23:59:59.999,18304938.0500,2962,26108,3673461.7800,0,30.611565531672056,16.429383414345665,21.910592351054536,-5.481208936708871,206.9840689406251,148.56,90.13593105937491,38.32142857142857,266411.15,-35.769999999999996,154.084,16.170025664790913
2024-06-24,129.04,154.89,110.02,146.79,237178,2024-06-30 23:59:59.999,32855533.3300,2471,120469,17360434.4300,0,40.41835687405308,15.142402626696366,20.556954406182903,-5.414551779486537,205.85280846096663,150.4495,95.04619153903337,38.305,266196.65,-13.652941176470593,149.43400000000003,13.568114460012442
2024-07-01,136.34,158.0,136.13,136.13,207194,2024-07-07 23:59:59.999,29288482.0400,2429,64910,9725371.2200,0,34.133253838127885,13.11115115563814,19.067793756073954,-5.9566426004358135,205.16281378951885,151.31099999999998,97.45918621048109,37.43857142857143,263990.95,-8.637583892617453,143.834,11.62539160630734
2024-07-08,136.13,150.0,123.23,144.1,172083,2024-07-14 23:59:59.999,23867251.1600,2352,105262,15086858.8500,0,42.77505021200625,12.00608334301802,17.655451673462768,-5.649368330444748,201.7711553718073,153.5375,105.30384462819268,36.925714285714285,257380.25,7.529288859040372,141.054,8.679748268239257
2024-07-15,144.1,188.6,130.8,183.98,261943,2024-07-21 23:59:59.999,42460421.2000,2814,146007,23514808.1500,0,58.82798304058146,14.184777984228276,16.96131693561587,-2.776538951387593,203.84595046085457,156.8365,109.82704953914545,37.48285714285714,243455.2,28.90072164226162,147.892,21.411939893433264
2024-07-22,183.98,204.0,168.0,185.81,235412,2024-07-28 23:59:59.999,42484038.2900,2798,127270,23759111.1000,0,64.00302768166091,15.876065457612043,16.744266640015105,-0.8682011824030624,206.71550390565687,159.52349999999998,112.33149609434308,37.19714285714286,243668.35,28.730774560066507,159.362,23.644514585839854
2024-07-29,185.8,203.49,140.0,143.01,255370,2024-08-04 23:59:59.999,42719918.7300,3068,59633,10688582.0200,0,50.063915266617975,13.605979911753508,16.116609294362785,-2.5106293826092774,197.41549795635666,156.174,114.93250204364335,39.160714285714285,238959.85,10.0076923076923,158.606,24.200864240766155
2024-08-05,143.01,175.0,102.01,135.14,441007,2024-08-11 23:59:59.999,61080631.1600,3787,133801,20267730.0700,0,47.958277851753216,11.044562778478024,15.102199991185833,-4.057637212707808,193.37383750100815,153.631,113.88816249899183,41.42928571428571,242344.1,-14.011198778315102,158.408,24.433654454460843
2024-08-12,135.14,165.0,135.0,140.0,111378,2024-08-18 23:59:59.999,16228278.3700,1877,42199,6456188.4900,0,52.31674543601149,9.299582777687249,13.941676548486116,-4.642093770798867,184.21769028365983,150.631,117.04430971634017,41.07714285714285,232836.4,-17.666431427899315,157.58800000000002,25.093761575339688
2024-08-19,148.0,168.0,139.8,161.4,149724,2024-08-25 23:59:59.999,22345770.8000,2214,81202,12498920.6000,0,51.00923545653624,9.53357735385842,13.060056709560577,-3.5264793557021576,182.9534288532841,150.201,117.44857114671588,38.809999999999995,226613.05,-1.6633156644123497,153.072,20.82552448319122
2024-08-26,161.4,164.8,140.0,140.0,101452,2024-09-01 23:59:59.999,15158380.3000,1288,28785,4565011.6000,0,43.12837405069082,7.901139363354645,12.028273240319391,-4.127133876964747,182.81869955234527,149.751,116.68330044765474,37.67214285714285,216667.8,-11.39240506329114,143.91,10.175942216817147
2024-09-02,140.0,147.2,120.1,133.5,176881,2024-09-08 23:59:59.999,23312310.0300,2047,38789,5505974.0000,0,43.012273577588175,6.013603790989293,10.825339350453373,-4.811735559464079,182.84505534598486,149.7255,116.60594465401516,38.04357142857143,215435.15,-10.875225315441615,142.00799999999998,11.221288696045674
2024-09-09,140.6,151.0,127.4,135.3,92725,2024-09-15 23:59:59.999,12596702.5000,1868,47022,6603058.6000,0,44.71699869670453,4.609824012843745,9.582236282931447,-4.972412270087702,182.96695577287778,149.35399999999998,115.74104422712219,38.09785714285714,206956.1,5.3246146660439075,142.04000000000002,11.19700852906714
2024-09-16,135.5,159.9,127.9,154.7,96251,2024-09-22 23:59:59.999,13658045.8000,1922,44903,6697880.3000,0,51.086139008096275,5.005041154885987,8.666797257322356,-3.661756102436369,183.47892071582822,149.872,116.26507928417179,37.885,196791.65,5.388650453028133,144.98000000000002,12.393425676543222
2024-09-23,154.7,174.9,130.5,163.9,100891,2024-09-29 23:59:59.999,15339482.5100,1472,52112,8283696.8100,0,58.28424497428705,5.991549781256509,8.131747762109187,-2.140197980852678,184.36365329524318,151.567,118.77034670475685,38.135,191844.8,20.399618012194235,145.48,13.242809369616426
2024-09-30,163.9,163.9,131.8,137.5,124979,2024-10-06 23:59:59.999,18452076.4000,2159,54606,8491421.8000,0,47.907374870477994,4.590192883505807,7.423436786388511,-2.833243902882704,183.84997844803647,150.584,117.31802155196354,37.222857142857144,184159.45,-4.580152671755721,144.98,13.54518364585733
2024-10-07,138.3,158.9,137.0,155.3,98923,2024-10-13 23:59:59.999,14546906.8000,1681,44994,6956001.6000,0,54.18357993976693,4.859896719862377,6.910728773083285,-2.0508320532209083,181.93015386780465,149.847,117.76384613219537,37.225,177973.2,-15.58865094031959,149.34,12.384990916427785
2024-10-14,155.0,163.9,140.1,160.0,125632,2024-10-20 23:59:59.999,19328904.9000,2165,70722,11232159.7000,0,53.520191285866105,5.390748455618734,6.606732709590374,-1.21598425397164,181.38798426004917,149.6405,117.89301573995084,37.01285714285715,173536.3,-13.890533340509123,154.28000000000003,10.10009900941552
2024-10-21,160.0,192.9,148.4,171.4,211841,2024-10-27 23:59:59.999,37262287.7500,2072,161654,28989870.3500,0,46.81293068504257,6.654626557821302,6.61631147923656,0.038315078584742146,183.34048540401488,150.3105,117.2805145959851,36.06285714285714,177167.15,19.851758618278453,157.62,12.700275587560876
2024-10-28,171.4,188.7,157.0,158.0,134133,2024-11-03 23:59:59.999,23357929.9000,3366,58617,10605410.4000,0,43.34466089120758,6.500062433585242,6.593061670106297,-0.09299923652105502,183.92734682517255,150.721,117.51465317482744,35.755714285714284,173555.25,16.91579103152288,156.44,12.236543629636408
2024-11-04,159.9,218.9,147.2,209.9,214988,2024-11-10 23:59:59.999,40348936.5700,3628,125185,24177268.9700,0,65.33963216071183,10.445061124587596,7.363461561002557,3.081599563585039,195.60739431325493,154.793,113.97860568674508,36.34214285714286,177499.25,49.92857142857143,170.92000000000002,22.637513114297438
2024-11-11,210.0,246.7,192.0,245.9,167250,2024-11-17 23:59:59.999,36016983.6300,3039,86006,19516029.6300,0,72.49756256093598,16.288634760241905,9.14849620085043,7.140138559391476,217.1628170389807,159.7485,102.33418296101931,35.035714285714285,174002.85,52.3543990086741,189.04,38.0334458076044
2024-11-18,245.9,276.9,222.0,273.2,120742,2024-11-24 23:59:59.999,30756909.1000,2759,71338,18689156.0000,0,74.79523454951601,22.85908540232367,11.89061404114508,10.968471361178592,242.04025376111423,166.602,91.16374623888576,36.81428571428571,169680.25,95.14285714285714,211.68,48.638739704066865
2024-11-25,251.6,273.6,206.0,236.0,55956,2024-12-01 23:59:59.999,13739171.0000,1505,22308,5656578.1000,0,63.11533052039381,24.778850719310213,14.46826137677811,10.310589342532104,251.87750050728002,171.197,90.51649949271999,39.628571428571426,163873.9,76.77902621722846,224.6,43.5811312381857
2024-12-02,238.0,264.0,207.0,260.0,62311,2024-12-08 23:59:59.999,14680060.4000,1248,22514,5623541.0000,0,70.90592334494774,27.915090128990954,17.157627127220678,10.757463001770276,264.8551916343984,174.998,85.14080836560159,41.92857142857143,153892.3,92.16555801921655,245.0,24.156055141515875
2024-12-09,235.1,255.0,198.5,240.0,78605,2024-12-15 23:59:59.999,17512964.5000,1433,19053,4577752.4000,0,67.72046589018302,28.458695530338105,19.417840807844165,9.04085472249394,272.09140649503286,177.7075,83.32359350496718,44.385714285714286,146051.95,55.13897866839045,251.01999999999998,15.377320963027113
2024-12-16,240.0,240.0,165.0,181.1,74308,2024-12-22 23:59:59.999,15210577.4000,2583,21452,4790787.7000,0,56.403803131991054,23.86170623255728,20.30661389278679,3.5550923397704928,272.5744471097417,179.612,86.64955289025829,48.05714285714286,136998.85,10.49420378279438,238.06,35.244261944321636
2024-12-23,181.1,219.7,165.8,193.1,77503,2024-12-29 23:59:59.999,15130140.8000,2677,28873,5952086.7000,0,55.48258138206739,20.945413093070584,20.43437373284355,0.5110393602270342,273.22154745733974,182.51,91.79845254266023,49.62142857142857,118823.65,40.43636363636363,222.04000000000002,33.436551855715685
2024-12-30,188.4,243.9,170.0,195.0,43722,2025-01-05 23:59:59.999,9159486.2000,1757,21574,4745214.5000,0,54.534849810440356,18.57344082152798,20.06218715058044,-1.4887463290524572,273.855387785381,185.26,96.66461221461896,51.728571428571435,115440.85,25.56342562781712,213.84,34.17635147291131
2025-01-06,235.8,235.8,189.0,190.2,37899,2025-01-12 23:59:59.999,7504300.5000,1594,13055,2746281.4000,0,58.201058201058196,16.120488871194823,19.27384749470332,-3.1533586235084954,274.5959432630722,186.7,98.80405673692782,52.778571428571425,109849.6,18.874999999999993,199.88,23.053134277142707
2025-01-13,190.2,320.0,165.2,266.5,77996,2025-01-19 23:59:59.999,17323559.1000,1829,42476,10352579.4000,0,64.63928383359664,20.10156068546891,19.43939013285644,0.6621705526124728,284.88770934618134,193.025,101.16229065381869,62.271428571428565,108676.8,55.48424737456242,205.18,34.69131015110226
2025-01-20,231.2,276.0,223.1,243.1,89063,2025-01-26 23:59:59.999,23067106.6000,2540,41808,11361306.2000,0,60.426599749058965,21.1248898026995,19.77649006682505,1.3483997358744482,288.4731458248297,198.505,108.53685417517028,64.35,104285.9,53.860759493670884,217.57999999999998,35.01152667336811
2025-01-27,243.1,276.0,182.6,210.0,81570,2025-02-02 23:59:59.999,18627057.7000,3295,24104,5982522.0000,0,54.59305092812946,19.045448112546325,19.630281675969307,-0.5848335634229826,287.2242437408868,202.24,117.25575625911321,67.84285714285714,103728.15,0.04764173415912069,220.95999999999998,32.80355163697927
2025-02-03,210.0,240.5,165.3,216.0,58116,2025-02-09 23:59:59.999,11735636.7000,2943,28857,6032095.0000,0,57.02519379844961,17.67784623066393,19.239794586908232,-1.5619483562443008,287.44407269477676,205.30499999999998,123.1659273052232,70.95,101821.4,-12.159414396095976,225.16,29.86122904369417
2025-02-10,216.0,235.0,191.1,191.1,71043,2025-02-16 23:59:59.999,14264089.9000,2257,22520,4809295.8000,0,47.5635044064282,14.41858158608693,18.275551986743974,-3.856970400657044,286.79364065133956,206.66500000000002,126.53635934866047,68.96428571428571,100329.0,-30.051244509516838,225.34,29.599374993400858
2025-02-17,191.1,214.9,160.2,161.8,125862,2025-02-23 23:59:59.999,21916806.9000,7267,40559,7372040.4000,0,38.90793985755738,9.363390446051284,16.493119678605435,-7.129729232554151,284.24118054834383,207.87999999999997,131.5188194516561,68.96428571428571,100373.15,-31.44067796610169,204.4,30.229373132765613
2025-02-24,169.6,195.5,125.3,189.9,309107,2025-03-02 23:59:59.999,45078057.3000,6220,105698,16569547.5000,0,39.03658857594104,7.537660710943584,14.702027885073065,-7.164367174129481,282.44168483420793,209.60999999999999,136.77831516579204,70.05714285714286,110882.35,-26.96153846153846,193.76,21.22364247719923
2025-03-03,165.0,189.9,125.0,139.0,387225,2025-03-09 23:59:59.999,58752596.3000,5956,61659,10108845.1000,0,37.677845528455286,1.9609476055350399,12.153811829165459,-10.19286422363042,284.92302218937294,208.56,132.19697781062706,69.86428571428571,123962.0,-42.083333333333336,179.56,29.70055555035935
2025-03-10,137.6,159.6,111.0,135.6,1626728,2025-03-16 23:59:59.999,227381346.4900,5703,784283,114018544.3000,0,33.324396782841816,-2.701844112216662,9.182680640889036,-11.884524753105698,288.30390253850123,206.76999999999998,125.23609746149873,69.26428571428572,194706.35,-25.12424075096632,163.48,26.64708239188652
2025-03-17,135.6,165.0,124.0,145.7,366361,2025-03-23 23:59:59.999,53845392.2000,3217,281502,42028642.9000,0,37.01459652988158,-5.518540263524784,6.242436460006271,-11.760976723531055,289.4053004578105,206.15500000000003,122.90469954218958,67.8,206317.75,-24.546866908337652,154.4,22.255898094662292
2025-03-24,159.9,160.0,140.2,153.5,282503,2025-03-30 23:59:59.999,41377734.3600,5892,123000,18635523.8600,0,45.57692307692307,-7.040241924018517,3.5859007832013132,-10.626142707219831,289.80968202646875,203.33499999999998,116.86031797353124,63.85714285714287,209693.5,-21.28205128205128,152.74,21.872196963268077
2025-03-31,141.1,153.5,82.83,105.87,37466655,2025-04-06 23:59:59.999,4823073826.7800,882878,11528167,1391135374.0800,0,37.45361447516037,-11.951771767596057,0.4783662730418383,-12.430138040637896,290.6198638686893,196.3335,102.04713613131068,65.055,2074663.75,-44.33753943217665,135.93400000000003,18.147280236994202
2025-04-07,105.88,145.11,92.56,128.25,2344628097,2025-04-13 23:59:59.999,274786877929.4090,2165779,1184987867,138795749973.3990,0,40.93341664176469,-13.878334803632953,-2.392973942293121,-11.485360861339831,280.74152382928696,189.08599999999998,97.43047617071302,63.53000000000001,119300031.5,-51.87617260787992,133.78400000000002,18.329117000008516
2025-04-14,128.25,150.0,114.4,137.77,512508074,2025-04-20 23:59:59.999,67732973086.0200,356615,212149203,28003689830.7700,0,42.96864522704718,-14.470162433003821,-4.808411640435262,-9.66175079256856,275.77252720812817,184.1745,92.57647279187181,62.730000000000004,144922637.4,-43.32784862196626,134.21800000000002,18.408385860797278
2025-04-21,137.77,161.5,125.0,147.91,445816380,2025-04-27 23:59:59.999,65543104930.0480,364172,220084759,32444699551.6800,0,30.664884077346983,-13.960054030076549,-6.63874011836352,-7.321313911713029,264.15263768828436,178.57,92.98736231171561,54.28000000000001,167210340.85,-29.56666666666667,134.66000000000003,18.775864826952738
2025-04-28,147.94,162.04,131.67,143.91,285705519,2025-05-04 23:59:59.999,42256401286.8200,275093,149502744,22129940248.2500,0,32.735753820447655,-13.72039583113471,-8.05507126091776,-5.665324570216949,255.531338568696,173.7655,91.99966143130402,52.67071428571428,181491686.55,-33.375,132.742,16.750788638150794
2025-05-05,143.95,191.5,130.0,173.12,465356768,2025-05-11 23:59:59.999,75071738502.4100,387754,242247470,38917505146.6200,0,43.49283647399252,-11.046129214737874,-8.653282851681784,-2.3928463630560906,255.05948939836912,173.3665,91.67351060163087,50.39214285714286,204755809.55,-9.40868655154369,146.19199999999998,16.778868257424165
2025-05-12,173.1,199.08,151.13,173.26,559409039,2025-05-18 23:59:59.999,97002418509.8400,460041,262846237,45595781794.3400,0,42.2996540789853,-8.813856176768866,-8.6853975166992,-0.1284586600696649,253.53866826083805,172.3745,91.21033173916196,48.44571428571429,232722386.35,7.082818294190345,155.19400000000002,16.820396249791262
2025-05-19,173.27,200.0,148.0,175.67,567230663,2025-05-25 23:59:59.999,97837366375.1400,459434,275966181,47639249126.4600,0,46.97486570207426,-6.7722307929247165,-8.302764171944304,1.5305333790195874,251.89529238699376,171.40800000000002,90.92070761300627,49.02428571428572,261081733.4,-7.493417588204328,162.77399999999997,15.49267342972117
2025-05-26,175.66,188.0,137.7,157.61,402179241,2025-06-01 23:59:59.999,66837038805.5400,318440,197105139,32747662113.3000,0,49.14065384142089,-6.536174079171246,-7.949446153389692,1.4132720742184457,249.98298898711442,169.77849999999998,89.57401101288555,48.71,281188800.5,13.388489208633104,164.714,13.665669760388157
2025-06-02,157.62,174.5,131.63,152.38,358021577,2025-06-08 23:59:59.999,54577831721.1200,299145,175162330,26745026324.5900,0,41.50823827629911,-6.693951021133529,-7.698347126938461,1.0043961058049318,230.32894083884622,164.0725,97.81605916115377,46.757857142857155,299085979.55,12.37463126843658,166.408,10.629852774144448
2025-06-09,152.39,183.3,129.31,152.86,1237974422,2025-06-15 23:59:59.999,187593706114.2720,729007,472241180,72222810648.2500,0,54.06451612903226,-6.702990494055712,-7.499275800361912,0.7962853063062001,214.47730271100957,159.5605,104.64369728899041,45.978571428571435,360980247.5,4.914207275223078,162.356,11.273629850229618
2025-06-16,152.87,158.58,115.0,131.72,1599159337,2025-06-22 23:59:59.999,228883506824.7700,953587,613569582,87496823185.7000,0,48.969400764980875,-8.320067105002607,-7.663434061290052,-0.6566330437125556,206.42957769326267,155.6465,104.86342230673735,45.620000000000005,440934135.85,-14.188925081433226,154.048,15.675872224536423
2025-06-23,131.72,154.56,1.1871,153.25,1476769687,2025-06-29 23:59:59.999,210986175995.4469,803230,576144965,82237167614.4909,0,51.89061952221166,-7.774699019563656,-7.685687052944773,-0.08901196661888289,194.60211677697376,152.509,110.41588322302621,53.64663571428572,514769714.4,44.752998960989885,149.564,10.192233808149956
2025-06-30,153.26,159.5,131.04,151.8,1442613163,2025-07-06 23:59:59.999,217133661838.3230,688065,441769956,66669541569.3000,0,49.560314504448584,-7.374485288111913,-7.623446699978201,0.24896141186628817,188.51963673282003,150.544,112.56836326717999,54.26520714285714,586896820.4,18.362573099415215,148.40200000000002,9.341264368381593
2025-07-07,151.8,179.1,133.02,161.03,1543986131,2025-07-13 23:59:59.999,243452592560.2600,726746,485140288,76657271911.4300,0,67.80273689646269,-6.2405915091746635,-7.346875661817495,1.1062841526428313,188.4346214184945,150.50549999999998,112.57637858150548,52.50877857142858,664089833.85,16.883211149016468,150.132,10.928337934013328
2025-07-14,161.04,192.5,141.5,181.45,1646588040,2025-07-20 23:59:59.999,281565589034.6899,843732,561525578,96112436451.9900,0,67.39016736401673,-3.652149476731836,-6.607930424800363,2.9557809480685275,186.31471631828074,150.083,113.85128368171925,52.39806428571429,746403780.5,22.675951592184433,155.85,17.94165404860967
2025-07-21,181.44,217.23,79.785,179.0,1008738721,2025-07-27 23:59:59.999,199028155483.1500,653012,398458546,78758230078.9200,0,64.13050928781959,-1.7779894852382654,-5.641942236887944,3.8639527516496788,190.11030880218573,152.083,114.05569119781427,59.672707142857156,796821355.3,24.383295115002433,165.30599999999998,14.09075689947091
2025-07-28,179.1,191.0,161.1,161.7,11915536,2025-08-03 23:59:59.999,2136992228.8100,24575,5329705,957051138.4000,0,54.50506370467168,-1.669425505366405,-4.8474388905836365,3.1780133852172314,190.8203218622616,153.38799999999998,115.95567813773835,59.20127857142858,797335795.7,-6.596580406654352,166.996,12.723730977979145
2025-08-04,161.9,183.5,160.3,180.0,8942304,2025-08-10 23:59:59.999,1509477023.3000,35287,4244966,715380977.0000,0,60.782790558709294,-0.10551440802473167,-3.8990539940718554,3.7935395860471237,194.15995603521597,155.103,116.04604396478405,58.68913571428572,797764592.85,3.8901073531109374,172.636,10.328491177320307
2025-08-11,180.3,212.22,167.2,183.9,337018591,2025-08-17 23:59:59.999,63730446184.3400,195480,170744479,32380048097.5400,0,53.79470571669953,1.4320856179784869,-2.832826071661787,4.2649116896402735,197.72968333418294,156.623,115.51631666581704,57.511992857142864,814601397.25,4.68492058974214,177.20999999999998,8.864000225630702
2025-08-18,183.9,215.72,167.2,186.91,3793071114,2025-08-24 23:59:59.999,710959917787.5300,2255896,1896195687,355750215298.3700,0,54.709819888206475,2.8605518985437755,-1.6941504776206744,4.55470237616445,196.33248906352972,160.675,125.0175109364703,57.55270714285715,1002381620.2,18.590190977729826,178.302,9.803469793903613
2025-08-25,186.91,213.3,179.7,205.66,2330070017,2025-08-31 23:59:59.999,456222286969.4800,1802982,1220209663,239101234900.2100,0,59.29922480620155,5.442848247468078,-0.26675073260292353,5.709598980071001,202.13629589193908,164.5455,126.95470410806091,56.238421428571435,1001653716.2,34.965218532615836,183.634,15.734150120040725
2025-09-01,205.67,222.18,197.6,206.34,417583653,2025-09-07 23:59:59.999,83509389373.7100,1239917,351824887,70184696767.4200,0,66.93542781677903,7.458233156026267,1.2782460451229152,6.179987110903352,207.7280683916019,167.974,128.21993160839807,54.40127857142857,996907495.15,34.98626193902917,192.56199999999998,12.511695328770308
2025-09-08,206.28,261.02,199.92,239.72,2623100,2025-09-14 23:59:59.999,596337632.4000,522751,767632,175606340.9300,0,75.38658295547029,11.615036334283019,3.3456041029549364,8.269432231328082,222.47031422724373,172.5645,122.65868577275629,55.70342142857144,974747831.15,81.99210446401459,204.506,22.242681493020715
2025-09-15,239.72,270.0,212.09,236.07,2213901,2025-09-21 23:59:59.999,530412870.0600,355150,765177,184306549.3800,0,73.74850162680518,14.448257783892643,5.566134839142479,8.882122944750165,232.64653143055176,177.17249999999999,121.69846856944821,55.98342142857143,960573250.25,54.042414355628054,214.94,22.39578420149561
2025-09-22,236.06,255.0,182.0,210.71,8286705,2025-09-28 23:59:59.999,1683136305.1700,674283,2199849,453595752.6900,0,72.01382308678447,14.480345728467796,7.348977017007544,7.131368711460252,236.46131433688726,179.052,121.64268566311273,58.08485000000001,937719747.1,38.807641633728586,219.7,16.77206457177999
2025-09-29,210.73,241.07,198.36,228.45,7071850,2025-10-05 23:59:59.999,1572532091.5800,618254,3403604,758725606.1400,0,71.40986220248263,15.755624364191618,9.03030648644436,6.725317877747258,243.21526785113224,181.8115,120.40773214886775,50.18035714285714,910102887.65,41.86797491150717,224.25799999999998,15.006437618567405
2025-10-06,228.51,237.4,143.58,196.91,9630556,2025-10-12 23:59:59.999,1906303911.0600,701731,4376538,853801855.2800,0,60.96446453745564,14.05921162483881,10.03608751412325,4.023124110715559,244.56406509795653,182.87349999999998,121.18293490204343,54.84892857142857,882222882.3,8.520253513364569,222.372,18.095897877694714
2025-10-13,196.91,210.79,174.69,187.71,8374550,2025-10-19 23:59:59.999,1613149002.3400,619593,3813351,735334819.7000,0,56.485803189420466,11.83599125584334,10.396068262467269,1.4399229933760704,244.93216381196584,184.3785,123.82483618803415,54.13607142857143,862532647.75,4.865921787709502,211.96999999999997,20.428773825170254
2025-10-20,187.71,207.0,177.14,199.95,5382227,2025-10-26 23:59:59.999,1020726834.9800,538569,2418534,459434454.9700,0,54.68354430379747,10.935679099501982,10.503990429874213,0.43168866962776953,245.7350812452251,186.757,127.7789187547749,52.62607142857143,844900680.25,23.65491651205937,204.746,15.589088491633017
2025-10-27,199.94,205.14,179.14,187.57,17923728,2025-11-02 23:59:59.999,3429326731.7900,525762,8494722,1626194131.4700,0,52.065757122884825,9.118104857219976,10.226813315343366,-1.10870845812339,245.27255946308554,188.4925,131.71244053691447,44.66571428571428,783898145.55,4.205555555555552,200.118,16.76627925330982
2025-11-03,187.57,188.73,142.0,164.46,11017835,2025-11-09 23:59:59.999,1761870858.3100,617073,5156708,821978330.2500,0,50.647158131682616,5.746636665076295,9.330777985289952,-3.584141320213657,241.6633026929893,190.1295,138.5956973070107,45.86785714285714,704491070.45,-10.57096247960848,187.32,13.912936426217641
2025-11-10,164.42,184.59,122.0,137.19,10959530,2025-11-16 23:59:59.999,1630951024.1500,608215,5056104,753198160.4200,0,40.36722019711084,0.864299631394772,7.637482314510916,-6.773182683116144,243.70205150113497,189.3265,134.95094849886505,48.681428571428576,631200562.6,-26.601037932694883,175.376,24.909999598554386
2025-11-17,137.19,152.83,116.0,130.57,44990145,2025-11-23 23:59:59.999,5812661061.3200,799577,31154139,4005612295.2100,0,38.14520072911572,-3.4988339373333304,5.410219064142066,-8.909053001475396,246.42246374691416,188.265,130.1075362530858,48.09642857142857,561319411.7,-36.51171837012545,163.948,30.34998550246747
2025-11-24,130.57,144.58,122.85,133.38,36607149,2025-11-30 23:59:59.999,5023261730.0100,667130,24974579,3430511113.9500,0,38.09015262759756,-6.653211133050206,2.9975330247036114,-9.650744157753817,248.94914020482935,186.8825,124.81585979517062,46.18285714285714,485950462.6,-35.35911602209945,150.634,24.680114059703875
2025-12-01,133.38,146.55,123.25,133.34,41734490,2025-12-07 23:59:59.999,5648143929.4200,435441,31734872,4299716874.9400,0,32.44830598970974,-9.051960091107873,0.5876344015413141,-9.639594492649186,250.99938375954807,184.477,117.95461624045194,45.44714285714286,405707785.1,-44.37677290171867,139.788,13.99167502481382
